{
  "ffn_mode": "VFE_dynamic",
  "pure_fep": false,
  "final_loss": 12.469541549682617,
  "final_ppl": 246.8292999267578,
  "random_ppl": 50257,
  "improvement": 203.61034939900924,
  "total_params": 6935918,
  "vocab_size": 50257,
  "checkpoint": "checkpoints_publication\\ffn_VFE_dynamic\\best_model.pt",
  "test_loss": 5.377965307076772,
  "test_ppl": 216.58115066585734,
  "test_bpc": 7.75876387859255,
  "test_improvement": 232.04697105676013
}