{
  "ffn_mode": "VFE_dynamic",
  "pure_fep": false,
  "final_loss": 5.683795166015625,
  "final_ppl": 274.0198974609375,
  "random_ppl": 50257,
  "improvement": 183.40638933770973,
  "total_params": 69103676,
  "vocab_size": 50257,
  "checkpoint": "checkpoints_publication\\ffn_VFE_dynamic\\best_model.pt",
  "test_loss": 5.700275049448013,
  "test_ppl": 298.9496155867499,
  "test_bpc": 8.22375854554174,
  "test_improvement": 168.11194054008175
}