{
  "ffn_mode": "standard",
  "pure_fep": false,
  "final_loss": 4.988764858245849,
  "final_ppl": 146.75503540039062,
  "random_ppl": 50257,
  "improvement": 342.455029654582,
  "total_params": 17631488,
  "vocab_size": 50257,
  "checkpoint": "checkpoints_publication\\ffn_standard\\best_model.pt"
}