{
  "ffn_mode": "standard",
  "pure_fep": false,
  "final_loss": 6.103015995025634,
  "final_ppl": 447.2044677734375,
  "random_ppl": 50257,
  "improvement": 112.38036205278068,
  "total_params": 5764100,
  "vocab_size": 50257,
  "checkpoint": "checkpoints_publication\\ffn_standard\\best_model.pt"
}