{
  "ffn_mode": "VFE_dynamic",
  "pure_fep": false,
  "final_loss": 23.681275939941408,
  "final_ppl": 1471.811279296875,
  "random_ppl": 50257,
  "improvement": 34.14636149820048,
  "total_params": 603103,
  "vocab_size": 50257,
  "checkpoint": "checkpoints_publication\\ffn_VFE_dynamic\\best_model.pt",
  "test_loss": 7.189874034166336,
  "test_ppl": 1325.9361724318533,
  "test_bpc": 10.3727956137081,
  "test_improvement": 37.903031114857804
}