{
  "ffn_mode": "VFE_dynamic",
  "pure_fep": false,
  "final_loss": 5.808729553222657,
  "final_ppl": 299.4031066894531,
  "random_ppl": 50257,
  "improvement": 167.85730968425642,
  "total_params": 69103676,
  "vocab_size": 50257,
  "checkpoint": "checkpoints_publication\\ffn_VFE_dynamic\\best_model.pt",
  "test_loss": 5.743540890932083,
  "test_ppl": 312.1678084857817,
  "test_bpc": 8.286177960490695,
  "test_improvement": 160.99353819914796
}