{
  "ffn_mode": "VFE_dynamic",
  "pure_fep": false,
  "final_loss": 6.749661254882812,
  "final_ppl": 313.7391357421875,
  "random_ppl": 50257,
  "improvement": 160.18722012831154,
  "total_params": 56539396,
  "vocab_size": 50257,
  "checkpoint": "checkpoints_publication\\ffn_VFE_dynamic\\best_model.pt",
  "test_loss": 5.728359867334365,
  "test_ppl": 307.46457191804575,
  "test_bpc": 8.264276373030649,
  "test_improvement": 163.45623070158447
}