{
  "ffn_mode": "VFE_dynamic",
  "pure_fep": false,
  "final_loss": 6.049443340301513,
  "final_ppl": 328.520751953125,
  "random_ppl": 50257,
  "improvement": 152.9796815002144,
  "total_params": 12564371,
  "vocab_size": 50257,
  "checkpoint": "checkpoints_publication\\ffn_VFE_dynamic\\best_model.pt",
  "test_loss": 5.874387164354324,
  "test_ppl": 355.8065429099764,
  "test_bpc": 8.474949230275763,
  "test_improvement": 141.24810518932944
}