{
  "ffn_mode": "VFE_dynamic",
  "pure_fep": false,
  "final_loss": 6.135941791534424,
  "final_ppl": 334.46044921875,
  "random_ppl": 50257,
  "improvement": 150.26290886528705,
  "total_params": 76642526,
  "vocab_size": 50257,
  "checkpoint": "checkpoints_publication\\ffn_VFE_dynamic\\best_model.pt",
  "test_loss": 5.642290779352188,
  "test_ppl": 282.10822653515726,
  "test_bpc": 8.140104926624927,
  "test_improvement": 178.14794207618334
}