{
  "ffn_mode": "VFE_dynamic",
  "pure_fep": false,
  "final_loss": 10.793135929107667,
  "final_ppl": 367.440673828125,
  "random_ppl": 50257,
  "improvement": 136.77582145821,
  "total_params": 131925046,
  "vocab_size": 50257,
  "checkpoint": "checkpoints_publication\\ffn_VFE_dynamic\\best_model.pt",
  "test_loss": 5.781898960351944,
  "test_ppl": 324.37458039908347,
  "test_bpc": 8.341516957020803,
  "test_improvement": 154.93507517811037
}