{
  "ffn_mode": "VFE_dynamic",
  "pure_fep": false,
  "final_loss": 6.0949126243591305,
  "final_ppl": 425.6459655761719,
  "random_ppl": 50257,
  "improvement": 118.07230436677594,
  "total_params": 18846526,
  "vocab_size": 50257,
  "checkpoint": "checkpoints_publication\\ffn_VFE_dynamic\\best_model.pt",
  "test_loss": 5.784573711633683,
  "test_ppl": 325.24336309462313,
  "test_bpc": 8.345375807430578,
  "test_improvement": 154.52121611895495
}