{
  "ffn_mode": "VFE_dynamic",
  "pure_fep": false,
  "final_loss": 6.301867389678955,
  "final_ppl": 451.5829772949219,
  "random_ppl": 50257,
  "improvement": 111.29073177436874,
  "total_params": 7538641,
  "vocab_size": 50257,
  "checkpoint": "checkpoints_publication\\ffn_VFE_dynamic\\best_model.pt",
  "test_loss": 5.909125554561615,
  "test_ppl": 368.3838829190448,
  "test_bpc": 8.525066133556289,
  "test_improvement": 136.42562101731352
}