{
  "ffn_mode": "VFE_dynamic",
  "pure_fep": false,
  "final_loss": 13.776760292053222,
  "final_ppl": 558.9639892578125,
  "random_ppl": 50257,
  "improvement": 89.91097989466336,
  "total_params": 12564371,
  "vocab_size": 50257,
  "checkpoint": "checkpoints_publication\\ffn_VFE_dynamic\\best_model.pt",
  "test_loss": 6.333923495531082,
  "test_ppl": 563.362614066513,
  "test_bpc": 9.137920016372782,
  "test_improvement": 89.20897259622991
}