{
  "ffn_mode": "VFE_dynamic",
  "pure_fep": false,
  "final_loss": 6.905059719085694,
  "final_ppl": 664.7833251953125,
  "random_ppl": 50257,
  "improvement": 75.5990682907616,
  "total_params": 12564371,
  "vocab_size": 50257,
  "checkpoint": "checkpoints_publication\\ffn_VFE_dynamic\\best_model.pt",
  "test_loss": 6.374297632455826,
  "test_ppl": 586.5732961780961,
  "test_bpc": 9.196167583494281,
  "test_improvement": 85.67897708173354
}