{
  "ffn_mode": "VFE_dynamic",
  "pure_fep": false,
  "final_loss": 7.057605838775634,
  "final_ppl": 739.2697143554688,
  "random_ppl": 50257,
  "improvement": 67.98195438564191,
  "total_params": 12564371,
  "vocab_size": 50257,
  "checkpoint": "checkpoints_publication\\ffn_VFE_dynamic\\best_model.pt",
  "test_loss": 6.644216330885887,
  "test_ppl": 768.3276969553691,
  "test_bpc": 9.585577951162533,
  "test_improvement": 65.4108919919873
}