{
  "ffn_mode": "VFE_dynamic",
  "pure_fep": false,
  "final_loss": 7.070322799682617,
  "final_ppl": 748.4652709960938,
  "random_ppl": 50257,
  "improvement": 67.14673605779404,
  "total_params": 12564371,
  "vocab_size": 50257,
  "checkpoint": "checkpoints_publication\\ffn_VFE_dynamic\\best_model.pt",
  "test_loss": 6.646779472589492,
  "test_ppl": 770.299555714638,
  "test_bpc": 9.589275782987421,
  "test_improvement": 65.24344928821172
}