{
  "ffn_mode": "VFE_dynamic",
  "pure_fep": false,
  "final_loss": 79.371240234375,
  "final_ppl": 880.9241333007812,
  "random_ppl": 50257,
  "improvement": 57.050315799261156,
  "total_params": 12564371,
  "vocab_size": 50257,
  "checkpoint": "checkpoints_publication\\ffn_VFE_dynamic\\best_model.pt",
  "test_loss": 6.733798136234284,
  "test_ppl": 840.3329112461686,
  "test_bpc": 9.714817177492545,
  "test_improvement": 59.806059393141666
}