{
  "ffn_mode": "VFE_dynamic",
  "pure_fep": false,
  "final_loss": 5.732097816467285,
  "final_ppl": 284.52313232421875,
  "random_ppl": 50257,
  "improvement": 176.63590158543357,
  "total_params": 69103676,
  "vocab_size": 50257,
  "checkpoint": "checkpoints_publication\\ffn_VFE_dynamic\\best_model.pt",
  "test_loss": 5.739149808168412,
  "test_ppl": 310.8000589509705,
  "test_bpc": 8.279842967163413,
  "test_improvement": 161.7020285312371
}