{
  "ffn_mode": "VFE_dynamic",
  "pure_fep": false,
  "final_loss": 23.775487899780273,
  "final_ppl": 1424.7303466796875,
  "random_ppl": 50257,
  "improvement": 35.27474522959603,
  "total_params": 603103,
  "vocab_size": 50257,
  "checkpoint": "checkpoints_publication\\ffn_VFE_dynamic\\best_model.pt",
  "test_loss": 7.230108001232147,
  "test_ppl": 1380.3715778680626,
  "test_bpc": 10.430840958469235,
  "test_improvement": 36.40831266434814
}