{
  "ffn_mode": "VFE_dynamic",
  "pure_fep": false,
  "final_loss": 8.757251930236816,
  "final_ppl": 346.730712890625,
  "random_ppl": 50257,
  "improvement": 144.94533691872113,
  "total_params": 98001511,
  "vocab_size": 50257,
  "checkpoint": "checkpoints_publication\\ffn_VFE_dynamic\\best_model.pt",
  "test_loss": 5.734353474855423,
  "test_ppl": 309.31292751450053,
  "test_bpc": 8.272923320878315,
  "test_improvement": 162.47946829717927
}