{
  "ffn_mode": "VFE_dynamic",
  "pure_fep": false,
  "final_loss": 11.273189163208007,
  "final_ppl": 362.2021179199219,
  "random_ppl": 50257,
  "improvement": 138.75402023770374,
  "total_params": 9197392,
  "vocab_size": 50257,
  "checkpoint": "checkpoints_publication\\ffn_VFE_dynamic\\best_model.pt",
  "test_loss": 5.789679937362671,
  "test_ppl": 326.90837647278346,
  "test_bpc": 8.352742533967449,
  "test_improvement": 153.7342069427949
}