{
  "ffn_mode": "VFE_dynamic",
  "pure_fep": false,
  "final_loss": 5.743793678283692,
  "final_ppl": 290.8290710449219,
  "random_ppl": 50257,
  "improvement": 172.8059709417331,
  "total_params": 69103676,
  "vocab_size": 50257,
  "checkpoint": "checkpoints_publication\\ffn_VFE_dynamic\\best_model.pt",
  "test_loss": 5.733599525928497,
  "test_ppl": 309.0798092553901,
  "test_bpc": 8.271835602500355,
  "test_improvement": 162.60201570938932
}