{
  "ffn_mode": "VFE_dynamic",
  "pure_fep": false,
  "final_loss": 57.81455764770508,
  "final_ppl": 506.76885986328125,
  "random_ppl": 50257,
  "improvement": 99.17144477574766,
  "total_params": 3769336,
  "vocab_size": 50257,
  "checkpoint": "checkpoints_publication\\ffn_VFE_dynamic\\best_model.pt",
  "test_loss": 6.298612814156295,
  "test_ppl": 543.8170113947928,
  "test_bpc": 9.086977471462966,
  "test_improvement": 92.4152774682422
}