{
  "ffn_mode": "VFE_dynamic",
  "pure_fep": false,
  "final_loss": 5.738588905334472,
  "final_ppl": 301.35546875,
  "random_ppl": 50257,
  "improvement": 166.76982902770035,
  "total_params": 69103676,
  "vocab_size": 50257,
  "checkpoint": "checkpoints_publication\\ffn_VFE_dynamic\\best_model.pt",
  "test_loss": 5.7133964293003086,
  "test_ppl": 302.89809514879926,
  "test_bpc": 8.242688695184267,
  "test_improvement": 165.92048878785835
}