{
  "ffn_mode": "VFE_dynamic",
  "pure_fep": false,
  "final_loss": 14.7493408203125,
  "final_ppl": 738.5833129882812,
  "random_ppl": 50257,
  "improvement": 68.04513331970905,
  "total_params": 1256456,
  "vocab_size": 50257,
  "checkpoint": "checkpoints_publication\\ffn_VFE_dynamic\\best_model.pt",
  "test_loss": 6.552511080980301,
  "test_ppl": 701.0022389595186,
  "test_bpc": 9.453275241900261,
  "test_improvement": 71.69306630831208
}